text,category
The benefits of meditation and yoga on mental health,Health
Explore the latest fashion trends for this week,Fashion
Discover how to make a perfect pomegranate juice,Food
Exciting destinations to visit in India,Travel
Escape to the picturesque beaches of the Maldives,Travel
Effective home workouts for a healthy lifestyle,Fitness
Tips for maintaining a balanced diet and nutrition,Health
The impact of climate change on global ecosystems,Environment
Top 10 books to broaden your horizons,Education
Unlocking the mysteries of the universe through astrophysics,Science
Innovative technology trends shaping the future,Technology
The art of mindfulness: techniques for reducing stress,Mental Health
Exploring diverse cuisines from around the world,Food
Adventurous hiking trails for nature enthusiasts,Travel
Understanding the importance of biodiversity conservation,Environment
Mastering the art of effective communication,Communication
Capturing the beauty of nature through photography,Art
Unleashing creativity with DIY craft projects,Art
Navigating the world of finance and investments,Finance
A beginner's guide to cryptocurrency trading,Finance
Delicious and healthy smoothie recipes for breakfast,Food
Trending travel destinations for your next adventure,Travel
The importance of regular exercise for overall well-being,Fitness
Fashion essentials for every season,Fashion
Exploring the wonders of marine life through scuba diving,Travel
Tips for improving mental focus and concentration,Health
Sustainable living practices to protect the environment,Environment
Discovering hidden gems in your local neighborhood,Travel
Innovations in renewable energy technology,Technology
Easy DIY home decor ideas to personalize your space,Art
Understanding the science behind climate change,Science
The benefits of organic farming for a sustainable future,Environment
Mastering new languages through immersive experiences,Education
Exploring the rich history of ancient civilizations,History
Tips for effective time management and productivity,Productivity
Healthy and nutritious meal prep ideas for busy weekdays,Food
The art of self-expression through music and dance,Art
Exciting career opportunities in the tech industry,Careers
Unveiling the mysteries of the cosmos through astronomy,Science
The cultural significance of traditional festivals around the world,Culture
